ImageId,Target
Id_01p69nml4v.png,0.013384813748
Id_02up59sqcg.png,13.27639142
Id_036uwfb8qm.png,21.50022504
Id_06r3xkr6bd.png,10.82430376
Id_07joa506jk.png,0.182671128048
Id_0azuodukiz.png,0.013384818128
Id_0bfm4jhl1m.png,6.44597782
Id_0csl6q2b2b.png,0.1176239648
Id_0d7esifecc.png,0.10925473119599999
Id_0decdzpwsm.png,36.75759616
Id_0driml7svd.png,4.426070972
Id_0fnxoziljl.png,0.013384813748
Id_0gvn69vqnd.png,35.78745096
Id_0jsdf19wy2.png,12.081190200000002
Id_0kf5eclec5.png,0.013384843456
Id_0mj8tyhtdx.png,0.013384813748
Id_0mzhzbem65.png,14.7920789
Id_0rrzxkivzh.png,0.013384818128
Id_0t44zjdb13.png,19.6853662
Id_0t6n5an6xv.png,8.804756268
Id_0u268syjcp.png,43.8070736
Id_0ua8cv4udg.png,0.6771881214200001
Id_0ugxqtjfup.png,0.081657909612
Id_0uv0985qu1.png,0.045823577084
Id_0wjsigvcmn.png,0.013384813748
Id_0ylhhyhurb.png,0.074984570432
Id_106luflmks.png,0.07212859530400001
Id_113sesu258.png,0.013384813748
Id_11g2h2hixe.png,8.582168588
Id_12m1o4hzct.png,0.013384806408000001
Id_12wr0buqa4.png,1.4826064256
Id_13nl72o5sm.png,37.89036772
Id_1473k1a2aw.png,35.10756092
Id_17mhw4h2el.png,1.0882695508
Id_18crzzct5r.png,6.933968896
Id_18g25nqpa2.png,15.616231
Id_1d5gxdu062.png,0.052250656959999996
Id_1del2fxexn.png,32.48615004
Id_1dpntoffjd.png,0.09868740284000001
Id_1h1pd5om4g.png,0.013384818128
Id_1icx8fttnb.png,0.013384806408000001
Id_1je2iz0t8k.png,8.43351124
Id_1k1icctp9m.png,7.5375853919999996
Id_1ka58k7fog.png,12.713613500000001
Id_1lp8b5t8ph.png,20.67301732
Id_1muowmxz9i.png,3.5216746239999996
Id_1pen0tparx.png,1.542065824
Id_1qe57aq85z.png,0.0332040868
Id_1rhn3pu2j5.png,40.08731436
Id_1rvo600rf2.png,0.5936146222800001
Id_1twm95472q.png,0.013384818128
Id_1vktm2c1qh.png,41.479655
Id_1w6bxoo1kl.png,0.080576588788
Id_1y0l2bcib0.png,0.013384813748
Id_1z1cyzpc5d.png,41.487427479999994
Id_207jbqrvhx.png,0.07843730759999999
Id_20pjtmvcn9.png,0.013384806408000001
Id_21938pqamk.png,6.5206234919999995
Id_22fxuduvs1.png,0.08588328236000001
Id_22hrq5vg4o.png,20.02581528
Id_22k2t0d347.png,0.070837529908
Id_22odjpsjrh.png,24.74232424
Id_237dpnugre.png,0.06070736772
Id_24el1d5t4p.png,11.7920487
Id_29jnfmszgd.png,0.013384818128
Id_2c5t1mtlwa.png,18.63573628
Id_2fcqe2z078.png,0.013384818128
Id_2fjhk2e8sc.png,0.013384813748
Id_2ft7vv31b7.png,0.013384799364
Id_2ge754s0cj.png,0.051856061120000005
Id_2i17od9bt0.png,0.013384813748
Id_2j1u3cqh4h.png,0.063922219548
Id_2l236prl16.png,12.8400868
Id_2lvzha93jf.png,17.9085582
Id_2o8lmubbly.png,12.21449728
Id_2oc2vr0r89.png,37.40658524
Id_2ptlxa9zi6.png,20.1134668
Id_2pypf6nonk.png,0.09533327269200001
Id_2rmohkozws.png,0.013384813748
Id_2suvgrst7w.png,5.7626648320000005
Id_2uc3cx6u47.png,0.06277528816
Id_2xazdfbx3b.png,13.01376296
Id_2xt4q9hxbu.png,17.10551288
Id_2zfacbdtiy.png,10.44028342
Id_30d9asomsn.png,0.42670620892
Id_31xxpte4nb.png,0.013384813748
Id_341bsipcnk.png,10.89163884
Id_359llf19rw.png,0.12390415372
Id_36erfrbhro.png,3.27615414
Id_39vjdws94y.png,9.151622944
Id_39wxu1924b.png,12.189779699999999
Id_3b29yfrko5.png,0.013384806408000001
Id_3cpvk9e8uy.png,0.013384799364
Id_3ek2omtxij.png,18.60864052
Id_3fbfugugya.png,6.490536196000001
Id_3q4bqq0idj.png,5.726727148
Id_3qfyqq0b68.png,0.826156944
Id_3sixczqo1o.png,41.8068726
Id_3tpz8h3f1h.png,15.51449038
Id_3ts1ylej8j.png,12.4420567
Id_3y9x2op8v8.png,0.013384818128
Id_3ykk9b4c0a.png,0.013384818128
Id_3zcu1fiyyu.png,2.648909604
Id_4185uhatql.png,34.19031788
Id_427rp9rzln.png,13.19966414
Id_42eysrxvpq.png,0.013384806408000001
Id_42hphv5la3.png,25.91420532
Id_44et5e6ud2.png,11.89612966
Id_44zooeil09.png,44.41794576
Id_4813y2vcj1.png,38.851787480000006
Id_4a6he7gzsg.png,0.053898900592
Id_4aaea1b4t8.png,0.08746897912
Id_4arld66j7s.png,2.1848516544
Id_4d3rlv25rj.png,0.013384813748
Id_4dkzi6jikb.png,0.025843253052
Id_4h6hl5wn1x.png,17.66298944
Id_4hcrmb55dt.png,34.2380838
Id_4hs9fkn8lq.png,0.013384818128
Id_4kt5vmktow.png,0.013384806408000001
Id_4mpg3o00dr.png,44.40141784
Id_4nflhsnme6.png,0.13590298184
Id_4o47h4jp1i.png,0.013384843456
Id_4oq8vna0l4.png,4.917807868
Id_4w0ebykj6h.png,0.013384813748
Id_4wgy0fqr93.png,31.60181636
Id_4x5mag7hww.png,0.12083981239199999
Id_4z7fi0kuhk.png,18.09522524
Id_512nqicbp2.png,2.085472436
Id_51epexzh6b.png,42.72925935999999
Id_52a3xo04o6.png,0.013384822248000002
Id_52ia7vl3p9.png,9.88536276
Id_53amnup4zo.png,0.0320562986
Id_54oijytyhl.png,1.9033748664
Id_56ukji5id6.png,0.26227111132
Id_57ikllzqfb.png,0.11144938992
Id_59osc9uiav.png,0.013384818128
Id_5b2uuld5sz.png,0.013384806408000001
Id_5bdvqa2rjw.png,6.994609424
Id_5g6du3blq3.png,0.07035027667999999
Id_5ir22w7mfz.png,34.58236812
Id_5iyijr8n04.png,0.013384813748
Id_5j1j1acx3o.png,15.40384444
Id_5k6wjlqwji.png,0.013384813748
Id_5la5py1i17.png,0.013384813748
Id_5mcz9a2z13.png,43.49764032
Id_5nvk11750z.png,0.013384806408000001
Id_5p9z9phta3.png,2.034574252
Id_5qq1zdown3.png,0.013384806408000001
Id_5vjgxvkufc.png,34.86613016
Id_5xb6kggea0.png,0.013384806408000001
Id_5ycu96o6c9.png,0.013384806408000001
Id_607a7j8uk3.png,0.37164271556
Id_60iwgb7w8e.png,41.47421328
Id_644n68061m.png,0.042725231600000003
Id_6bxc5azz74.png,16.7908214
Id_6cigy5ogxk.png,0.162219177852
Id_6coehc9470.png,0.013384799364
Id_6d7hukhs4q.png,16.3120234
Id_6dhkmimugd.png,15.81875738
Id_6fawk15w1u.png,16.05370472
Id_6frea5rv8i.png,0.35912137416
Id_6g7b68xpz5.png,0.013384813748
Id_6h4da5u09m.png,0.013384820268
Id_6h5r757gwl.png,15.99326936
Id_6iwq6jhzzs.png,41.51541072
Id_6jzeqiwjd9.png,0.13774382768
Id_6lno9kj3p6.png,28.148680159999998
Id_6m2ojbn9zo.png,0.39962018728
Id_6mbj8yump2.png,0.049844652600000004
Id_6n91qt1q9p.png,0.013384818128
Id_6oehnhcdv9.png,3.943639968
Id_6qa9gvxc1k.png,0.0641629708
Id_6rnougw2yt.png,13.13771418
Id_6vfneamaoh.png,12.93476916
Id_6wmkg3q81v.png,0.013384818128
Id_6x1sksf8x7.png,16.86852574
Id_6xd17hx2ml.png,28.911219759999998
Id_6zy5nojvei.png,0.06446976372
Id_72w10jwzbb.png,25.17755164
Id_743b426yyk.png,0.12513588634
Id_7ahfucuioj.png,35.666358599999995
Id_7amxnr4fsc.png,8.668946648
Id_7b3pn792by.png,0.013384820268
Id_7bhryr60q4.png,13.402395120000001
Id_7dmyqlhvyv.png,0.013384813748
Id_7e26ivtg8l.png,10.77575702
Id_7gdj9hiz1s.png,0.013384818128
Id_7gkjdxqwhp.png,42.83957864
Id_7jhvdf7hab.png,0.013384813748
Id_7l24udhptb.png,0.11252213012000001
Id_7sap8t7t01.png,0.013384818128
Id_7vezxg9xyz.png,23.742637679999998
Id_804ux5wy4k.png,0.013384818128
Id_80an1teciu.png,0.013384806408000001
Id_81uqh0ekg4.png,8.0176867
Id_823kp7tpxf.png,0.8661869188
Id_85ekzwjhlk.png,0.04299748204
Id_8abnxfbk6b.png,12.6279771
Id_8bnzinln44.png,0.04434921272
Id_8c1lnl8r3s.png,41.575897160000004
Id_8e30a5e10r.png,1.8515345959999998
Id_8fjjlfczcg.png,41.1405608
Id_8gefaziyj8.png,3.386763532
Id_8ighcvfrt6.png,0.013384818128
Id_8mqlz98upf.png,0.013384806408000001
Id_8o5ye3wez9.png,34.74305228
Id_8rpa3k17qm.png,0.06588655556
Id_8sfwxpsz1y.png,0.029097333428
Id_8t1hb3k5yr.png,0.013384813748
Id_8tuswwzoc2.png,18.14308496
Id_8w4uwpoemp.png,8.264899804
Id_8yh50dki5a.png,0.9004285264
Id_90cshrg24p.png,0.0910336954
Id_91flc5rvfx.png,5.890561232
Id_91x0ov5lig.png,21.729442680000002
Id_92rrqc2d8a.png,14.398651339999999
Id_9758bf533v.png,15.58460298
Id_98cojp3kpx.png,0.013384813748
Id_9aenbedcc8.png,0.013384813748
Id_9ahia1nteq.png,0.048042185844
Id_9dux2y2zk6.png,8.0183353
Id_9enfprpj7r.png,0.013384813748
Id_9epq6vxe6y.png,0.013384818128
Id_9eq9qm5hx0.png,41.002657799999994
Id_9fi6djjxuh.png,4.233643376
Id_9fzzzkc5h6.png,0.82273018376
Id_9iu0zvo3c2.png,16.039858159999998
Id_9j843fjrby.png,5.188745239999999
Id_9jfks34ef8.png,0.12341941792
Id_9kz67rbe6x.png,17.84589596
Id_9ppkd3dwws.png,0.013384818128
Id_9qqsa7xz9m.png,0.013384806408000001
Id_9r6s8e44k1.png,0.9734860312000001
Id_9syywjw5j6.png,0.013384818128
Id_9uzvpgo0zb.png,0.14361155752
Id_9wil3575fv.png,14.848167920000002
Id_9xjqanmqij.png,2.488620328
Id_9ychl8994b.png,3.581616092
Id_9ysyt92e2t.png,0.013384818128
Id_a091cbuvsn.png,0.013384818128
Id_a3k512dxkd.png,12.062304180000002
Id_a4dvzjjydy.png,17.37143528
Id_a4l4c9oqbn.png,25.53912896
Id_a4rnoufn0r.png,0.013384806408000001
Id_a4w5vlo4aq.png,0.06644084604
Id_aa6837w0li.png,0.013384844648
Id_aamblmq3ie.png,0.013384813748
Id_aautkjbalx.png,7.0219057
Id_aav79acc4g.png,15.00506164
Id_add2fylaxn.png,0.013384806408000001
Id_agiadqh8ta.png,1.799371732
Id_ah5iwih88b.png,0.04044798384
Id_aikwzjazj2.png,35.60628644
Id_aiuox2la7j.png,0.045270518024
Id_aiw36zdqu4.png,6.949324831999999
Id_aj2j78g2lt.png,0.089929187052
Id_ajfgd03s4y.png,0.013384813748
Id_akfxjazkwk.png,3.1301770959999997
Id_an9ehscl9n.png,33.12098204
Id_ap5n9nvylw.png,21.63165188
Id_aqedrh9i8f.png,0.013384813748
Id_ar51vznot7.png,0.09341789184799999
Id_asjlu2a76a.png,0.013384806408000001
Id_aupsxgx2ha.png,8.49783904
Id_aw180umq14.png,39.68240924
Id_ay7uzujsfh.png,0.48563755084
Id_b1g0hpst44.png,0.08934950414399999
Id_b2asea8tv1.png,39.5986836
Id_b2athgb7u8.png,0.013384806408000001
Id_b5iavxgul6.png,0.013384806408000001
Id_b9sbgbv8gd.png,0.0343416684
Id_ba4qvhz5iq.png,1.4224669336
Id_bcdmqv13ts.png,0.07092823284
Id_bcsdyolm4b.png,0.013384818128
Id_bd2r34wuvp.png,0.013384818128
Id_beooyce29n.png,13.86395504
Id_bgtz1bgbd2.png,0.013384820268
Id_bi1aw0qmd5.png,8.762503164
Id_bixr45n1sy.png,14.39161844
Id_blidf6lvuf.png,0.08642824112
Id_bloyaw7u6u.png,20.431233640000002
Id_bm6b5ucape.png,17.65291628
Id_bmjclyw3y2.png,37.870265079999996
Id_br73zemoml.png,17.854647319999998
Id_bv47ajjy7e.png,0.01599924878
Id_bw5hffnylo.png,0.13798178206
Id_by9ml22s7v.png,13.38610772
Id_c5f013vr6y.png,14.17302166
Id_c5llvdo8fe.png,0.020734500928
Id_c79tpaluxg.png,0.013384806408000001
Id_c7qctwyle5.png,14.52302774
Id_c89kfblflz.png,0.059920283600000006
Id_cav6bsuxz2.png,34.60806656
Id_cbxsazw4k7.png,4.856078483999999
Id_cc6l4woukj.png,0.05706331958
Id_ccpjvg3f0a.png,38.00990048
Id_cdhcko6d72.png,34.99494
Id_ceuig641p7.png,22.79657728
Id_cgxgd5a804.png,0.013384818128
Id_ci741d68q9.png,11.78577026
Id_cj18fqrp4x.png,0.013384818408000002
Id_cjs39yin8r.png,32.711254520000004
Id_ckz33m9kc0.png,17.38691112
Id_cltj1x0gsw.png,0.06895499642
Id_cnu5ml1ndo.png,42.03650648
Id_cqasnr77cz.png,5.0298733
Id_craebx8lyv.png,0.013384806408000001
Id_ctfwxukj9s.png,0.03268253124
Id_cuqaml2urx.png,3.664057008
Id_cvjfq4y6r4.png,0.013384818128
Id_cwavpb72b6.png,0.18538125571999997
Id_cwl8b64eka.png,38.665892400000004
Id_cy84em1n4r.png,28.79945816
Id_cyemivofb0.png,0.08127149171999999
Id_czehxcxh5v.png,0.013384806408000001
Id_d2g667qoxf.png,0.013384813748
Id_d2n0vz6y0o.png,0.513717404056
Id_d3gy6fawz3.png,0.0799813978
Id_d4kx3yduud.png,19.37079416
Id_d5uisd91cu.png,11.92254604
Id_d76pv3e5oy.png,16.991500860000002
Id_d7cgt1b6vb.png,5.9611584
Id_d8ekqt1udm.png,4.41751484
Id_d9ifmo9zfm.png,14.86848786
Id_dd41bz0v7k.png,3.8863984520000003
Id_dgh7dg33wh.png,8.49703594
Id_dhap7wybj5.png,30.673704200000003
Id_dkls7xtr56.png,0.6519250872000001
Id_dl5jxobpkw.png,0.013384813748
Id_dnpv22qkya.png,0.013384806408000001
Id_dns7pf8sas.png,0.013384806408000001
Id_drxu0bqbd4.png,33.59522724
Id_dsjh0x3lt6.png,8.8825393
Id_duemyh45g8.png,40.04986832
Id_dv90fmd1c2.png,0.049271188400000006
Id_dycuwhqeo7.png,0.013384799364
Id_dzpluci8pa.png,7.415729464
Id_e4awzxaog9.png,31.68253032
Id_e4ibo0u5e0.png,22.0856962
Id_e53z6yejgk.png,33.58927004
Id_e62ebw1ihf.png,4.949669924
Id_e7s26ak4df.png,0.31766519008
Id_edga92jub9.png,19.42065548
Id_eemidy6h3k.png,0.013384813748
Id_eeyj2u4j7y.png,0.089014946
Id_eezwqj602z.png,18.847609079999998
Id_ei6nig4eu6.png,0.013384806408000001
Id_ejbewixvns.png,0.12207479902179999
Id_eoi7oew64v.png,14.26515578
Id_eqdmf4xsxn.png,0.092823578856
Id_eriioxwx8t.png,15.17040244
Id_eta45t59xg.png,0.0592808238
Id_etss3jn3dc.png,41.1880094
Id_eux8uoe0y9.png,11.313539559999999
Id_evxvsnjq29.png,13.459756259999999
Id_eyp5qys6pw.png,34.34734912
Id_ez9lb2o6b1.png,37.954680079999996
Id_f0o20xc668.png,0.04709918804
Id_f1jkohqw66.png,0.013384806408000001
Id_f3vgqrr92g.png,0.1116361554
Id_f6amy82zmd.png,42.152801159999996
Id_f6crzdsk0g.png,0.013384818128
Id_fd4n43t0b5.png,0.013384806408000001
Id_fefe0l17pe.png,30.11415416
Id_few8wiaceo.png,23.20979264
Id_ff7zvuqjtg.png,0.013384818128
Id_fh31o5730u.png,0.359476522372
Id_fhnldm3rnt.png,0.013384818128
Id_fhnr079i7t.png,8.434572368
Id_fjgd8yhusw.png,13.8899841
Id_fjocibcjy1.png,1.5553661600000002
Id_fjxbzpje4n.png,0.07051901792
Id_fk12gj3dry.png,28.77273096
Id_fkttg91en9.png,0.12279137556
Id_fmnfag481h.png,0.04070710056
Id_fn26eo2q9i.png,14.518286439999999
Id_fnq9abjivn.png,0.040152277039999996
Id_foj34zk2i0.png,0.013384813748
Id_fr3onm2mco.png,3.2806631320000004
Id_ftu5gmtcsp.png,2.5621366319999996
Id_fv3kfcwt8b.png,32.88478764
Id_g0jc2hzqsi.png,0.013384813748
Id_g15idt47xm.png,0.013384813748
Id_g3132n1opw.png,3.035495552
Id_g77l3i3s9b.png,37.37180436
Id_gbgbsp20s9.png,26.34062244
Id_gbmj4vyxvg.png,37.7390562
Id_gfsatuzpdk.png,1.19377132
Id_ggipy0v51s.png,0.013384843456
Id_gguo2t5a4v.png,10.3307453
Id_gr2uj6zdo0.png,20.783332
Id_grph1vu3fn.png,41.28825464
Id_gs8ancsma4.png,0.013384818128
Id_gsc1cujjd1.png,2.73504716
Id_gsoqlnwk8w.png,17.02706972
Id_gszarkj0oo.png,0.18159903591999998
Id_gtlemubgtc.png,25.56506188
Id_gvo3nwry3o.png,0.15700334328
Id_gzden1gg7p.png,13.765549499999999
Id_h0umyrkhbi.png,0.013384818128
Id_h294mm614g.png,19.5312486
Id_h36f9dpw8q.png,1.0530126627999998
Id_h3eiz0zd73.png,0.12963902148
Id_h3fp7z001t.png,0.013384806408000001
Id_h5lga3tako.png,0.013384813748
Id_h5z2kupm74.png,0.013384813748
Id_h61f3sm05l.png,0.013384806408000001
Id_h6b93rpbeq.png,1.9627827160000002
Id_h7po9kx1dg.png,5.511694376
Id_hb4m25it7o.png,0.013384818128
Id_hg2jjznsu6.png,37.95305444
Id_hgwucozmdu.png,17.76108928
Id_hit4s7e5so.png,34.97823692
Id_hj38qfahqw.png,0.013384813748
Id_hly892yejx.png,0.013384813748
Id_hse7uz03pt.png,39.55557252
Id_hsumgforrk.png,0.09313256146
Id_hv1g80mzg4.png,26.25870744
Id_hvv847hrl7.png,41.59042188
Id_hw62ow1z5c.png,2.409932264
Id_hwb9e8idl2.png,5.03657092
Id_i0j1fjpnyg.png,0.0712654185924
Id_i1hsaejufr.png,0.013384806408000001
Id_i6e8kinmer.png,27.517597679999998
Id_i6elbox6oj.png,29.604561720000003
Id_i7kguwsjem.png,21.54189616
Id_i7ovsi86dq.png,0.013384806408000001
Id_i7qkc846ny.png,0.013384806408000001
Id_ibj3j88xsl.png,0.013384818128
Id_ieql4bqao2.png,5.773428744
Id_if8j2t0u5q.png,2.443519512
Id_ihnao90qyi.png,0.9960652007999999
Id_ij70dypwhd.png,0.013384806408000001
Id_ildvm4e29m.png,0.013384818128
Id_imefi5jv2s.png,12.09639684
Id_ipkpaohn8x.png,39.08507192
Id_iw03u93w3g.png,13.976932099999999
Id_iw60arheux.png,0.013384818128
Id_ixon0msrep.png,0.06925568080000001
Id_ixq2nuvh2k.png,10.336957360000001
Id_izqkv7l7n5.png,12.9839306
Id_j06k64edfl.png,0.013384806408000001
Id_j2sh0p1k4m.png,0.09499057134399999
Id_j507q9tz46.png,0.013384813748
Id_j5w7cr2hpt.png,16.217058440000002
Id_j68k99q5rp.png,0.013384806408000001
Id_j68nx27svv.png,41.67781372
Id_j6xg140h4g.png,0.013384813748
Id_j7sspt289i.png,13.65943534
Id_j7ui9tmwq3.png,3.8612393
Id_j90b8t0chw.png,3.04833372
Id_jb43nbjh03.png,30.60335468
Id_jcjbeunjr2.png,0.013384813748
Id_jcyk9iyg11.png,12.7728844
Id_jdiur1geod.png,0.18669821556
Id_jeapcy0xjx.png,21.11066544
Id_jecqz5zzlm.png,0.013384818128
Id_jeou44iven.png,0.9897710703999999
Id_jgcgeeadg1.png,0.013384813748
Id_jl0d5fybq3.png,17.86021952
Id_jryobaqysb.png,44.09225784
Id_jsbjj2vnqx.png,6.196746212000001
Id_jup19ibzex.png,0.16959881468
Id_jvgsypgco2.png,7.827635320000001
Id_jwrgculs2v.png,4.205758508
Id_jxh0f1sxdw.png,14.41623618
Id_jxn33a2yie.png,0.013384818128
Id_jyk1ytvsqi.png,0.013384806408000001
Id_jztvfoheet.png,41.8004072
Id_k4i43zangj.png,17.29317536
Id_k6s5xxrvuf.png,0.013384806408000001
Id_k9o9ak24pq.png,16.3860962
Id_kb8xc5e9hl.png,1.595853084
Id_kcbhkj077v.png,21.52547028
Id_kepmkrq02x.png,11.72529626
Id_kf1zf5ib9t.png,0.0787094483
Id_kf6anii3uh.png,37.55729992
Id_kf8a8g6kgc.png,0.013384813748
Id_kjb1t80p5p.png,1.0341486768
Id_kl6smn5pf7.png,9.344944108
Id_knjn9lvxwr.png,6.20781128
Id_knp3gcs59k.png,4.820578568
Id_krlmg560vn.png,32.055578919999995
Id_kwoqjh74rj.png,30.40753888
Id_kwz0wgl5wc.png,1.3892877716
Id_kyedhe0hw7.png,0.013384806408000001
Id_kyyrc02frx.png,41.72249172
Id_l1pa4bg6yp.png,0.013384806408000001
Id_l2t4nlv0rk.png,28.87308684
Id_l3ofl5pals.png,0.5332079213600001
Id_l4l5oxul3a.png,15.950898259999999
Id_l710xn1u61.png,0.013384818128
Id_l7gbzb22no.png,46.038361
Id_l7y5pv4cij.png,28.64411208
Id_lcch19gv34.png,0.2485737822
Id_ld1ecii9gk.png,41.47755708
Id_le6ixn262l.png,0.013384806408000001
Id_lfysimzvwu.png,0.013384806408000001
Id_lgwunb3db4.png,0.2683180194736
Id_lhh1bltuxn.png,39.50274324
Id_lhw9ntb221.png,41.22712832
Id_lhye27fhwb.png,36.798558400000005
Id_li4i9to595.png,2.299706352
Id_lj4x9k7ewm.png,26.60291176
Id_ljbdudlxhf.png,2.599541278
Id_lkqbkqsatz.png,17.46153612
Id_lmsz5i8dqu.png,13.34494682
Id_lmvuv1pm3a.png,0.29360056198
Id_lqnjz9p05x.png,0.25090686892
Id_lrgy0bykop.png,0.7980910948000001
Id_lrpm65g1p5.png,0.013384799364
Id_lsfzv0gptb.png,18.20735456
Id_lti8tnua8j.png,0.145623379468
Id_lwd5g5hh84.png,39.46579108
Id_ly72nqwiwq.png,44.59682988
Id_lyfml8eqcx.png,16.99683336
Id_lz8e4v7ano.png,12.58332972
Id_lzb1o56y0d.png,19.1587432
Id_lzvr9o9pq4.png,0.068064387992
Id_m4uozcj89v.png,0.05210170644
Id_m5ux5m5pte.png,13.156991459999999
Id_m64smtqe6n.png,0.013384813748
Id_m6me1s59uf.png,17.87428572
Id_m73wuuzc3k.png,7.104044720000001
Id_m8sp59c2av.png,0.0444472086
Id_m8vzevkq49.png,0.09832065847999999
Id_ma7k41pklu.png,0.059993655199999996
Id_mflmxieou5.png,11.51037024
Id_mhp4wkvq7h.png,24.835092359999997
Id_mj7joo7l8e.png,12.90819106
Id_mklxkmrgko.png,11.61518522
Id_mp7ektvi7r.png,8.42019258
Id_mpxdblt50m.png,10.71020058
Id_mr3t1zs4r4.png,10.74056388
Id_mw75ics18p.png,0.013384806408000001
Id_mx17pklaxn.png,0.09392304984
Id_n1s6stj8k7.png,0.106696871856
Id_n2bgi4n4l6.png,0.07006522547999999
Id_n2ynp4799d.png,5.523771096000001
Id_n4q1z6sul4.png,0.013384818408000002
Id_n50gn6i55l.png,15.48421488
Id_n6eg3czt8y.png,0.013384806408000001
Id_n7kdvjtgfw.png,0.013384806408000001
Id_n7qimqz7mi.png,14.0556244
Id_n9jjweo3w0.png,12.377319640000001
Id_n9jxrppead.png,39.3813014
Id_ncxcxrja3e.png,0.07543476187999999
Id_ndn7t6yjzk.png,31.318655720000002
Id_nfwugmur9q.png,1.4114779076
Id_niifhqkhfn.png,41.63907088
Id_nmvn13geg1.png,0.013384813748
Id_nnbbg4bbdl.png,0.013384818128
Id_nnsgzeimfd.png,0.013384806408000001
Id_nonqrwxrpy.png,38.789870719999996
Id_ntdl906bpu.png,4.223903828
Id_nu0t78r6qc.png,0.013384813748
Id_nuvwyh08rx.png,17.6398242
Id_nvk9kuwjbk.png,15.986080320000001
Id_nvsoeovt7y.png,42.6162956
Id_nwzo8x3voe.png,1.525876616
Id_nxwvrqv86d.png,0.044145019375999996
Id_nzny9ocrpn.png,17.3767906
Id_o0rlofjsk0.png,15.09384208
Id_o2hoqmra3p.png,0.0655960006
Id_o3mjr5w9g8.png,7.675783444
Id_o471h31sr9.png,4.462598132
Id_o4cjb7mhea.png,0.07076605884
Id_o62v3vj9cy.png,13.3567768
Id_o7h5jjvilx.png,37.807146440000004
Id_o8dgu1ox8y.png,15.2410311
Id_o9nxcu0orp.png,40.255646
Id_ohk78h9ld8.png,0.013384806408000001
Id_ohw3c5lqx1.png,11.0804796
Id_oj0m4dn4iu.png,16.35441736
Id_oj9iiorvme.png,0.013384818128
Id_ojp0r83h4u.png,0.013384806408000001
Id_olgepclxbd.png,3.3030658040000005
Id_omaf8y5myk.png,0.090344485
Id_op2xo539jd.png,0.013384806408000001
Id_opgoxdxpmn.png,0.013384806408000001
Id_oroc55dafk.png,0.05161136704
Id_os0pqp1st2.png,43.2886378
Id_oxs23cc7ef.png,0.045379794031999994
Id_oz88wrlxxn.png,19.182897920000002
Id_p060uhe3mm.png,0.030119544664000002
Id_p0jmoo9c0p.png,0.053964232252000005
Id_p0ndlwz1qv.png,0.013384813748
Id_p3ge6xgzkp.png,0.013384806408000001
Id_p3waappswf.png,6.5604718
Id_p47z36b8zj.png,13.967566979999999
Id_p4nb3iv5t2.png,0.013384806408000001
Id_p6ckdupk2y.png,0.013384806408000001
Id_p72bklmrrt.png,0.013384818128
Id_p8s4giz1pl.png,0.05585493384
Id_pb8bs9v4ay.png,3.586207396
Id_pbbbn98u0n.png,3.501104964
Id_pdjhy31ml5.png,0.013384843456
Id_phskan1mxl.png,0.013384818128
Id_pi61lg8nml.png,3.913444584
Id_pjksgqs4a3.png,12.5984905
Id_plbxvlzll7.png,0.13551723624
Id_pne9vj1xmh.png,0.8722781448000001
Id_poyf5mwf4r.png,37.10859096
Id_pqqtrubj0m.png,40.07108144
Id_pr071z2pd4.png,0.013384818128
Id_prljhij44v.png,35.820685440000005
Id_psa6vz26wf.png,33.62537336
Id_pxqntr3v5y.png,0.013384813748
Id_q2n0lv66ga.png,39.690123240000005
Id_q2qjx9u68q.png,8.007991012
Id_q35m69fvn6.png,0.013384818128
Id_q4ivma3vwv.png,19.13570344
Id_q99fzh9cfn.png,13.617525700000002
Id_qeon9x7ppu.png,11.23866642
Id_qfinjr2udq.png,0.013384818128
Id_qfxvs12qkt.png,0.013384806408000001
Id_qjv62lbbps.png,32.55989088
Id_qk5qij04i7.png,20.05696412
Id_qkgmkbt4oc.png,0.013384813748
Id_qpqx7w107e.png,37.40440596
Id_qqtf5znolq.png,0.1101413244
Id_qqxuybwd01.png,4.04779778
Id_qtla7mwlyz.png,0.013384812208
Id_qtse8fa2uf.png,18.13054596
Id_qtutjb177r.png,20.482090160000002
Id_qtygqhj6sb.png,0.013384818128
Id_qv5u87vlh9.png,18.10872104
Id_qwxduhhtyv.png,0.013384818128
Id_qy4914ole4.png,0.013384813748
Id_qz92uf61dd.png,0.013384818128
Id_qzm71hp1gz.png,37.88726764
Id_r165zk6q29.png,0.013384813748
Id_r1kpbbgldd.png,0.013384813748
Id_r2xzt2qt54.png,0.013384806408000001
Id_r4ewhtkeig.png,11.454407879999998
Id_r4hbrdwqwe.png,11.50867826
Id_r6bt34p14o.png,38.78795176
Id_r77c3bcroj.png,0.8443689616000001
Id_r7ihs3e85z.png,0.077297491
Id_r9eci92fqd.png,11.54575422
Id_rauhwn2svg.png,0.013384818128
Id_rbiexj4qds.png,0.13627369886000001
Id_rfr34aj2c8.png,19.03333244
Id_rhrsg1im8h.png,1.8046086399999999
Id_rmo5bisafm.png,0.0797227875
Id_rmtspknsoi.png,40.69782704
Id_ro26hn40xt.png,0.09463609392
Id_ro29518yz7.png,4.22226008
Id_rouef0e3nh.png,0.06869706956
Id_rpjoy1muqp.png,0.013384813748
Id_rt0tqow0h5.png,0.013384813748
Id_rvd8vro0u5.png,0.26908130183199996
Id_ryot2wjx4l.png,10.3363378
Id_s3b1ii4bqh.png,0.013384813748
Id_s3tid1v63t.png,0.08353639192
Id_s4ygkqngxl.png,0.1702640078
Id_s679ykuj19.png,0.013384806408000001
Id_s6svpk05dl.png,9.139138852
Id_s70shqdniw.png,2.2760300256
Id_sa5lz9yj0n.png,0.013384806408000001
Id_sakjb59dcc.png,9.852401076
Id_sbm98wtgdp.png,11.352343820000002
Id_sefob4g1q2.png,0.333459838
Id_sggkpmgirq.png,0.013384806408000001
Id_shtn38vt9i.png,15.16758548
Id_sigqvpbgb5.png,0.10530188344
Id_sp7pxlzhhx.png,0.013384806408000001
Id_spdble8nzw.png,16.16272896
Id_srimscvrz8.png,0.013384806408000001
Id_stdb03hh1d.png,0.013384813748
Id_sukn22mcbs.png,15.90028636
Id_suxvakoofr.png,20.75671588
Id_swzxkql6sa.png,0.306338903992
Id_sxaifa9dro.png,0.08758284361999999
Id_szuvxaevaw.png,1.5123054128000002
Id_t3mxkbcqtz.png,14.46870668
Id_t5eux6gsbz.png,0.04081913448
Id_t7zsu1j9ox.png,42.77171588
Id_t87sab5odq.png,0.013384813748
Id_t8ftq4ua46.png,0.3570942198
Id_t8zdl2ek01.png,41.64258632
Id_tdp3mijkm3.png,9.14175042
Id_ted960wq0f.png,15.56455152
Id_tenvhg9aqy.png,0.013384818128
Id_tfhwuxr4aq.png,0.013384818128
Id_th964pi7f7.png,32.04794552
Id_th9xynlqqd.png,6.263952292
Id_tiaqr7my1h.png,18.70991616
Id_tihnybef4t.png,12.03687052
Id_tlftyt05py.png,38.67905284
Id_tm58ndqmex.png,1.790956118
Id_tn0xadtqm4.png,0.013384813748
Id_tnfchci1r9.png,8.681832140000001
Id_tou87jf2ws.png,12.64113126
Id_ttql4f3njl.png,0.05480553134
Id_tvidh1jef8.png,22.69496084
Id_tx9xcvg5xj.png,16.73087188
Id_tyyyd6oz3q.png,5.6705556
Id_tzmm8b7zdv.png,34.3172256
Id_u05ngai57h.png,0.013384813748
Id_u0pkssvjgo.png,0.06391009656
Id_u147jlf711.png,39.580536120000005
Id_u5f1d7c6sy.png,17.78783064
Id_u70pom75v8.png,7.45269234
Id_u8rdfz7wym.png,0.09038410724
Id_uawbus6f7n.png,0.013384812208
Id_uch9xkewne.png,1.2147123508
Id_udmp6nhzjx.png,0.034295491340000005
Id_ue1f4e0fvy.png,7.779997336
Id_ueoqgamnvo.png,1.2975087060000001
Id_ueuu6so5st.png,0.013384818128
Id_uf0jkbdmpq.png,43.028517279999996
Id_uffva6j1nd.png,0.013384806408000001
Id_ui9ta364n8.png,43.04582484
Id_un9uie0zog.png,36.51944884
Id_uobml02wuk.png,7.963010188000001
Id_usa7tp0kpd.png,0.022058752143999997
Id_ux0v9631mw.png,2.13737322
Id_uyfrulmeju.png,1.1657142731999999
Id_uyipe00d13.png,0.013384818128
Id_uz9qnxytas.png,0.23298333629600002
Id_v0dihbjlst.png,0.013384806408000001
Id_v1xjqrr375.png,2.006564236
Id_v2cs1ct1py.png,43.0642536
Id_v2fab0ut9c.png,0.11676837116
Id_v37wimggth.png,0.138929858588
Id_v4kl7x2zbe.png,18.7597892
Id_v5pl2ccp38.png,0.013384843456
Id_v737u6sgkx.png,0.013384806408000001
Id_v9cq7rnr6y.png,0.013384806408000001
Id_va182oow1j.png,0.013384806408000001
Id_vacowf01sd.png,0.117266639068
Id_vcumhgo5zn.png,10.58162466
Id_vd7cqobky6.png,5.826549968
Id_venm0vo3w1.png,9.623104900000001
Id_vffd80b8f2.png,1.566004104
Id_vkkvoi2a26.png,5.509890348
Id_vlje0ncl1i.png,0.103333711396
Id_vnm9mrljft.png,13.9989742
Id_vnsl7o1jcj.png,1.1644937640000002
Id_vowr6n1p9w.png,0.013384806408000001
Id_vozp0rp46r.png,0.34360789284
Id_vqp8rtwuzb.png,0.03977714608
Id_vr7kzxvllm.png,0.013384813748
Id_vrzi674xjt.png,5.100906056
Id_vstj3afnep.png,0.061057854092
Id_vvhym8jb04.png,37.78777176
Id_vw35h3edhh.png,19.23663372
Id_vx2uu9fzx8.png,0.013384813748
Id_vx30seov5f.png,41.232564679999996
Id_vx7gfm8dxs.png,2.371206736
Id_vzucpg5jnq.png,0.013384813748
Id_w1tqo6ssxz.png,2.081105464
Id_w2h6s19zub.png,19.13695684
Id_w40njtha95.png,0.013384813748
Id_w61a89wahc.png,18.33174772
Id_w9w26pkokv.png,40.18941304
Id_w9z7nm9wqj.png,8.954735272
Id_wasvqi5a1h.png,0.013384818128
Id_wbgykbmrxu.png,0.10944461084
Id_wd246vzacv.png,1.0419551924
Id_wet4x18nxx.png,18.66656064
Id_whtukrlejb.png,0.013384813748
Id_wilsj10w0n.png,0.013384813748
Id_wino1zq965.png,4.907042144
Id_wiym4jbtfk.png,7.717044136000001
Id_wj9z1aeln8.png,0.013384813748
Id_wlc8jvv56t.png,0.8011201444
Id_wlkbzsvcz0.png,0.049072773400000005
Id_wmnr7187w3.png,0.013384818128
Id_wp5m177568.png,1.9240277896
Id_wqloonlzgc.png,41.36133828
Id_wqvykaorfp.png,0.013384806408000001
Id_wsd7vx2ifa.png,13.77865572
Id_wsw2dh5v8k.png,0.013384813748
Id_wtassxadlt.png,18.20992836
Id_wuepbywf3m.png,0.013384813748
Id_wuow34ip3m.png,4.649345664
Id_wuuvyxbwvo.png,38.5031988
Id_ww2x0947p4.png,0.7386721852
Id_wyh0eg9kck.png,0.10908476788
Id_x059rnkwk6.png,0.05097183198
Id_x096hvzobj.png,0.10361069084
Id_x0nn3j7a7i.png,14.8260316
Id_x1fw0ev8a7.png,0.10604042740000001
Id_x2olhsj4g0.png,30.425953
Id_x5d1api9ih.png,0.057733437199999994
Id_x5v4jnsxhd.png,3.596359744
Id_x74sdkqyel.png,0.013384813748
Id_xadeda2am3.png,0.9643598235999999
Id_xctkyc5m8j.png,0.16287550175999999
Id_xeoh4zu7t8.png,0.013384813748
Id_xikltz6f2f.png,0.16179721428000002
Id_xixn9vvwxq.png,12.586935200000001
Id_xja3cuj98o.png,1.1226758775999999
Id_xlxt6rqvca.png,9.90466818
Id_xmzmd5nmem.png,0.013384818128
Id_xr5s7y3lf9.png,0.013384818128
Id_xrp99gsjmi.png,43.23124092
Id_xub2mkyzwv.png,34.506139600000004
Id_xx8p72pg0x.png,0.013384818128
Id_xxopvfezhb.png,17.68266532
Id_xyx03b7cd1.png,14.646785
Id_y0l5rvpkkq.png,32.58822676
Id_y1zps9y80k.png,0.013384806408000001
Id_y3g6m4wwm9.png,0.041137387464
Id_y4v9db9rr7.png,17.24149404
Id_y58sa5hya9.png,17.39021528
Id_y5qlw46mry.png,21.68998036
Id_y7khpbry8t.png,0.013384818128
Id_y7so67pbnd.png,0.013384818128
Id_y7veatcnmt.png,0.13671841188
Id_y8o1e0t55m.png,43.92733011999999
Id_y9ca5seoe9.png,0.1246844538
Id_yaj6ejy3zs.png,0.013384818128
Id_yaryio8yrk.png,6.052664876
Id_ydr8agekri.png,33.492563960000005
Id_ye87f4duo0.png,0.013384818128
Id_yesqpxnl8u.png,1.1528185659999999
Id_yhv894g8np.png,0.013384813748
Id_yjwp2qkmul.png,10.488541439999999
Id_ylspuds3o9.png,1.750526948
Id_yopq0hpyto.png,16.46915134
Id_ypw95yf8zu.png,31.760042520000002
Id_yrwzzw0efg.png,0.8442254712
Id_ysebuu3gta.png,0.08682459304
Id_ysz4jmjl2q.png,40.10315192
Id_yu9tytjczm.png,15.090416399999999
Id_yx3pbdaick.png,41.66862628
Id_yy1748uq9f.png,0.013384843456
Id_yz3w94v7js.png,17.49843372
Id_yzu2j5ingm.png,20.4790392
Id_z0n36ytqia.png,40.23821544
Id_z1f73mk9j0.png,0.013384806408000001
Id_z3z8vuj0r9.png,0.3982226686
Id_z4s6lfdlv6.png,15.87381946
Id_z69znmho7w.png,13.412318379999999
Id_z98yenj7mb.png,0.013384818128
Id_z9esn2o6lm.png,13.53934084
Id_zatshryj98.png,20.47306172
Id_zb062nwru8.png,31.434124999999998
Id_zbblvgs29j.png,7.69625882
Id_ze7ay7bnik.png,0.08162607458400001
Id_zfsd0pqpyu.png,15.944659920000001
Id_zmmn06nkcm.png,0.12806662804
Id_zmwlr0neka.png,0.10042926231999999
Id_zp06dznzxb.png,0.013384844648
Id_zpiju4tmce.png,0.07662427396
Id_zr9qa3pekn.png,0.013384813748
Id_zsdds05w7b.png,7.080062132
Id_zso3roqt31.png,14.60263986
Id_zstg1f972u.png,39.1380862
Id_zv328d841n.png,0.013384818128
Id_zvmr59xs22.png,0.013384813748
Id_zvxbsw76q4.png,0.07022579763999999
Id_zwh8gy3uyv.png,0.013384806408000001
Id_zwlixln2is.png,15.65172416
Id_zzfw4jnapc.png,0.013384806408000001
